esquema,Nx,backend,dx,dt,nt,erro_L2_rel,erro_Linf_rel,tempo_execucao_s
upwind,64,GPU_CuPy,0.09817477042468103,0.0049261083743842365,203,0.5895212475115187,1.2538782826835049,0.1029802999983076
upwind,64,CPU_NumPy,0.09817477042468103,0.0049261083743842365,203,0.5895212475115187,1.2538782826835049,0.003850099994451739
central,64,GPU_CuPy,0.09817477042468103,0.0049261083743842365,203,nan,nan,0.061545200005639344
central,64,CPU_NumPy,0.09817477042468103,0.0049261083743842365,203,nan,nan,0.004009500000393018
