esquema,Nx,backend,dx,dt,nt,erro_L2_rel,erro_Linf_rel,tempo_execucao_s
upwind,4096,GPU_CuPy,0.0015339807878856412,6.72309585117755e-06,148741,0.0283060705510325,0.11059237510577526,2.1775171000044793
upwind,4096,CPU_NumPy,0.0015339807878856412,6.72309585117755e-06,148741,0.028306070551032646,0.11059237510577576,6.856119400006719
central,4096,GPU_CuPy,0.0015339807878856412,6.72309585117755e-06,148741,1.4777776758386787e-05,5.915067099249822e-05,2.017289900002652
central,4096,CPU_NumPy,0.0015339807878856412,6.72309585117755e-06,148741,1.4777776758323231e-05,5.915067099195185e-05,5.087602700004936
