esquema,Nx,dx,dt,nt,erro_L2_rel,erro_Linf_rel,tempo_execucao_s
upwind,64,0.09817477042468103,0.0049261083743842365,203,0.5895212475115187,1.2538782826835049,0.07479529999545775
upwind,128,0.04908738521234052,0.0024630541871921183,406,0.4443749183162512,1.176569242517944,0.1679052999970736
upwind,256,0.02454369260617026,0.0012285012285012285,814,0.3038270954680928,0.9821438504221784,0.37071109999669716
upwind,512,0.01227184630308513,0.00043010752688172043,2325,0.18603269844062625,0.6747541430844457,0.9894989000022179
central,64,0.09817477042468103,0.0049261083743842365,203,nan,nan,0.07844420000037644
central,128,0.04908738521234052,0.0024630541871921183,406,0.013922283052673996,0.04906439287260304,0.1280546000052709
central,256,0.02454369260617026,0.0012285012285012285,814,0.003474607558739557,0.013414745605583202,0.291140200002701
central,512,0.01227184630308513,0.00043010752688172043,2325,0.0009529968221191728,0.0038151628792891337,0.8332472000038251
