esquema,Nx_i,Nx_ip1,ordem_L2
upwind,64,128,0.40776642218433384
upwind,128,256,0.548526853622447
upwind,256,512,0.7076943138740469
central,64,128,nan
central,128,256,2.002473865418625
central,256,512,1.8663067327178544
