esquema,Nx_i,Nx_ip1,ordem_L2
upwind,32,64,0.26688932797182713
upwind,64,128,0.40776642218433334
upwind,128,256,0.5485268536224478
upwind,256,512,0.7076943138740466
upwind,512,1024,0.8385897789408581
upwind,1024,2048,0.9182348144847572
upwind,2048,4096,0.9595482353002261
central,32,64,nan
central,64,128,nan
central,128,256,2.002473865418626
central,256,512,1.8663067327176714
central,512,1024,2.0083681124219086
central,1024,2048,2.002086141997444
central,2048,4096,2.000516004121403
